<?xml version="1.0" encoding="utf-8"?>
<modification>
  <name>List Products by Date Added</name>
  <code>reds_list_products_by_dade_added</code>
	<version>3.0</version>
	<author>REDS</author>
	<link>https://www.agenciaprai.com/</link>
		
    <file path="admin/controller/catalog/product.php">
			<operation error="skip">
				<search><![CDATA[$sort = 'pd.name';]]></search>
				<add position="replace"><![CDATA[$sort = 'p.date_added';]]></add>
			</operation>
			<operation error="skip">
				<search><![CDATA[$order = 'ASC';]]></search>
				<add position="replace"><![CDATA[$order = 'DESC';]]></add>
			</operation>
		
		</file>
		
</modification>